Paired Reads	328445568
Hopped Reads	623324
Unknown Reads	34177843
CGATCGAT-CGATCGAT	5565788
CGATCGAT-GCTACTCT	170
CGATCGAT-TAGCCATG	198
CGATCGAT-GATCTTGC	108
CGATCGAT-GATCAAGG	144
CGATCGAT-CTCTGGAT	1160
CGATCGAT-TCTTCGAC	1059
CGATCGAT-AGGATAGC	266
CGATCGAT-TCGGATTC	106
CGATCGAT-TCGACAAG	98
CGATCGAT-TATGGCAC	174
CGATCGAT-ATCATGCG	167
CGATCGAT-CACTTCAC	112
CGATCGAT-AACAGCGA	136
CGATCGAT-GTAGCGTA	181
CGATCGAT-AGAGTCCA	240
CGATCGAT-GTCCTAAG	190
CGATCGAT-CTAGCTCA	392
CGATCGAT-TCGAGAGT	262
CGATCGAT-ACGATCAG	241
CGATCGAT-TGTTCCGT	458
CGATCGAT-ATCGTGGT	143
CGATCGAT-TACCGGAT	1851
CGATCGAT-CGGTAATC	179
GCTACTCT-CGATCGAT	177
GCTACTCT-GCTACTCT	7274840
GCTACTCT-TAGCCATG	232
GCTACTCT-GATCTTGC	146
GCTACTCT-GATCAAGG	184
GCTACTCT-CTCTGGAT	986
GCTACTCT-TCTTCGAC	973
GCTACTCT-AGGATAGC	207
GCTACTCT-TCGGATTC	118
GCTACTCT-TCGACAAG	84
GCTACTCT-TATGGCAC	273
GCTACTCT-ATCATGCG	253
GCTACTCT-CACTTCAC	84
GCTACTCT-AACAGCGA	205
GCTACTCT-GTAGCGTA	583
GCTACTCT-AGAGTCCA	383
GCTACTCT-GTCCTAAG	263
GCTACTCT-CTAGCTCA	576
GCTACTCT-TCGAGAGT	362
GCTACTCT-ACGATCAG	302
GCTACTCT-TGTTCCGT	516
GCTACTCT-ATCGTGGT	173
GCTACTCT-TACCGGAT	1569
GCTACTCT-CGGTAATC	116
TAGCCATG-CGATCGAT	149
TAGCCATG-GCTACTCT	195
TAGCCATG-TAGCCATG	10538889
TAGCCATG-GATCTTGC	152
TAGCCATG-GATCAAGG	336
TAGCCATG-CTCTGGAT	901
TAGCCATG-TCTTCGAC	1271
TAGCCATG-AGGATAGC	256
TAGCCATG-TCGGATTC	180
TAGCCATG-TCGACAAG	211
TAGCCATG-TATGGCAC	398
TAGCCATG-ATCATGCG	335
TAGCCATG-CACTTCAC	229
TAGCCATG-AACAGCGA	212
TAGCCATG-GTAGCGTA	259
TAGCCATG-AGAGTCCA	333
TAGCCATG-GTCCTAAG	372
TAGCCATG-CTAGCTCA	599
TAGCCATG-TCGAGAGT	395
TAGCCATG-ACGATCAG	362
TAGCCATG-TGTTCCGT	535
TAGCCATG-ATCGTGGT	186
TAGCCATG-TACCGGAT	2391
TAGCCATG-CGGTAATC	146
GATCTTGC-CGATCGAT	187
GATCTTGC-GCTACTCT	114
GATCTTGC-TAGCCATG	103
GATCTTGC-GATCTTGC	3629726
GATCTTGC-GATCAAGG	169
GATCTTGC-CTCTGGAT	343
GATCTTGC-TCTTCGAC	649
GATCTTGC-AGGATAGC	321
GATCTTGC-TCGGATTC	77
GATCTTGC-TCGACAAG	42
GATCTTGC-TATGGCAC	213
GATCTTGC-ATCATGCG	201
GATCTTGC-CACTTCAC	98
GATCTTGC-AACAGCGA	150
GATCTTGC-GTAGCGTA	129
GATCTTGC-AGAGTCCA	158
GATCTTGC-GTCCTAAG	145
GATCTTGC-CTAGCTCA	190
GATCTTGC-TCGAGAGT	135
GATCTTGC-ACGATCAG	152
GATCTTGC-TGTTCCGT	165
GATCTTGC-ATCGTGGT	75
GATCTTGC-TACCGGAT	676
GATCTTGC-CGGTAATC	115
GATCAAGG-CGATCGAT	176
GATCAAGG-GCTACTCT	202
GATCAAGG-TAGCCATG	333
GATCAAGG-GATCTTGC	231
GATCAAGG-GATCAAGG	6528011
GATCAAGG-CTCTGGAT	620
GATCAAGG-TCTTCGAC	17604
GATCAAGG-AGGATAGC	211
GATCAAGG-TCGGATTC	97
GATCAAGG-TCGACAAG	120
GATCAAGG-TATGGCAC	233
GATCAAGG-ATCATGCG	236
GATCAAGG-CACTTCAC	85
GATCAAGG-AACAGCGA	176
GATCAAGG-GTAGCGTA	216
GATCAAGG-AGAGTCCA	216
GATCAAGG-GTCCTAAG	383
GATCAAGG-CTAGCTCA	278
GATCAAGG-TCGAGAGT	261
GATCAAGG-ACGATCAG	500
GATCAAGG-TGTTCCGT	327
GATCAAGG-ATCGTGGT	384
GATCAAGG-TACCGGAT	1346
GATCAAGG-CGGTAATC	103
CTCTGGAT-CGATCGAT	1993
CTCTGGAT-GCTACTCT	2287
CTCTGGAT-TAGCCATG	1053
CTCTGGAT-GATCTTGC	535
CTCTGGAT-GATCAAGG	657
CTCTGGAT-CTCTGGAT	34577923
CTCTGGAT-TCTTCGAC	5292
CTCTGGAT-AGGATAGC	885
CTCTGGAT-TCGGATTC	634
CTCTGGAT-TCGACAAG	482
CTCTGGAT-TATGGCAC	1468
CTCTGGAT-ATCATGCG	1036
CTCTGGAT-CACTTCAC	648
CTCTGGAT-AACAGCGA	856
CTCTGGAT-GTAGCGTA	905
CTCTGGAT-AGAGTCCA	1670
CTCTGGAT-GTCCTAAG	1085
CTCTGGAT-CTAGCTCA	2706
CTCTGGAT-TCGAGAGT	1983
CTCTGGAT-ACGATCAG	1071
CTCTGGAT-TGTTCCGT	2075
CTCTGGAT-ATCGTGGT	996
CTCTGGAT-TACCGGAT	13011
CTCTGGAT-CGGTAATC	727
TCTTCGAC-CGATCGAT	1126
TCTTCGAC-GCTACTCT	1031
TCTTCGAC-TAGCCATG	1464
TCTTCGAC-GATCTTGC	915
TCTTCGAC-GATCAAGG	1767
TCTTCGAC-CTCTGGAT	5274
TCTTCGAC-TCTTCGAC	41858531
TCTTCGAC-AGGATAGC	1663
TCTTCGAC-TCGGATTC	1355
TCTTCGAC-TCGACAAG	863
TCTTCGAC-TATGGCAC	2591
TCTTCGAC-ATCATGCG	1225
TCTTCGAC-CACTTCAC	889
TCTTCGAC-AACAGCGA	896
TCTTCGAC-GTAGCGTA	1062
TCTTCGAC-AGAGTCCA	1318
TCTTCGAC-GTCCTAAG	1140
TCTTCGAC-CTAGCTCA	2381
TCTTCGAC-TCGAGAGT	2312
TCTTCGAC-ACGATCAG	1446
TCTTCGAC-TGTTCCGT	2924
TCTTCGAC-ATCGTGGT	4236
TCTTCGAC-TACCGGAT	9800
TCTTCGAC-CGGTAATC	984
AGGATAGC-CGATCGAT	237
AGGATAGC-GCTACTCT	328
AGGATAGC-TAGCCATG	293
AGGATAGC-GATCTTGC	471
AGGATAGC-GATCAAGG	168
AGGATAGC-CTCTGGAT	802
AGGATAGC-TCTTCGAC	1610
AGGATAGC-AGGATAGC	8600748
AGGATAGC-TCGGATTC	278
AGGATAGC-TCGACAAG	114
AGGATAGC-TATGGCAC	514
AGGATAGC-ATCATGCG	432
AGGATAGC-CACTTCAC	337
AGGATAGC-AACAGCGA	299
AGGATAGC-GTAGCGTA	906
AGGATAGC-AGAGTCCA	453
AGGATAGC-GTCCTAAG	237
AGGATAGC-CTAGCTCA	486
AGGATAGC-TCGAGAGT	456
AGGATAGC-ACGATCAG	478
AGGATAGC-TGTTCCGT	463
AGGATAGC-ATCGTGGT	227
AGGATAGC-TACCGGAT	1664
AGGATAGC-CGGTAATC	263
TCGGATTC-CGATCGAT	227
TCGGATTC-GCTACTCT	94
TCGGATTC-TAGCCATG	153
TCGGATTC-GATCTTGC	272
TCGGATTC-GATCAAGG	109
TCGGATTC-CTCTGGAT	503
TCGGATTC-TCTTCGAC	1111
TCGGATTC-AGGATAGC	250
TCGGATTC-TCGGATTC	4545257
TCGGATTC-TCGACAAG	78
TCGGATTC-TATGGCAC	362
TCGGATTC-ATCATGCG	133
TCGGATTC-CACTTCAC	99
TCGGATTC-AACAGCGA	987
TCGGATTC-GTAGCGTA	109
TCGGATTC-AGAGTCCA	172
TCGGATTC-GTCCTAAG	132
TCGGATTC-CTAGCTCA	300
TCGGATTC-TCGAGAGT	236
TCGGATTC-ACGATCAG	185
TCGGATTC-TGTTCCGT	241
TCGGATTC-ATCGTGGT	101
TCGGATTC-TACCGGAT	964
TCGGATTC-CGGTAATC	175
TCGACAAG-CGATCGAT	97
TCGACAAG-GCTACTCT	95
TCGACAAG-TAGCCATG	291
TCGACAAG-GATCTTGC	51
TCGACAAG-GATCAAGG	130
TCGACAAG-CTCTGGAT	372
TCGACAAG-TCTTCGAC	637
TCGACAAG-AGGATAGC	153
TCGACAAG-TCGGATTC	98
TCGACAAG-TCGACAAG	3815078
TCGACAAG-TATGGCAC	150
TCGACAAG-ATCATGCG	7728
TCGACAAG-CACTTCAC	28
TCGACAAG-AACAGCGA	85
TCGACAAG-GTAGCGTA	87
TCGACAAG-AGAGTCCA	118
TCGACAAG-GTCCTAAG	205
TCGACAAG-CTAGCTCA	203
TCGACAAG-TCGAGAGT	329
TCGACAAG-ACGATCAG	259
TCGACAAG-TGTTCCGT	193
TCGACAAG-ATCGTGGT	81
TCGACAAG-TACCGGAT	798
TCGACAAG-CGGTAATC	46
TATGGCAC-CGATCGAT	239
TATGGCAC-GCTACTCT	289
TATGGCAC-TAGCCATG	502
TATGGCAC-GATCTTGC	336
TATGGCAC-GATCAAGG	286
TATGGCAC-CTCTGGAT	1402
TATGGCAC-TCTTCGAC	3972
TATGGCAC-AGGATAGC	535
TATGGCAC-TCGGATTC	904
TATGGCAC-TCGACAAG	233
TATGGCAC-TATGGCAC	11058284
TATGGCAC-ATCATGCG	385
TATGGCAC-CACTTCAC	428
TATGGCAC-AACAGCGA	610
TATGGCAC-GTAGCGTA	297
TATGGCAC-AGAGTCCA	439
TATGGCAC-GTCCTAAG	677
TATGGCAC-CTAGCTCA	736
TATGGCAC-TCGAGAGT	835
TATGGCAC-ACGATCAG	472
TATGGCAC-TGTTCCGT	88128
TATGGCAC-ATCGTGGT	276
TATGGCAC-TACCGGAT	4257
TATGGCAC-CGGTAATC	308
ATCATGCG-CGATCGAT	218
ATCATGCG-GCTACTCT	268
ATCATGCG-TAGCCATG	771
ATCATGCG-GATCTTGC	229
ATCATGCG-GATCAAGG	439
ATCATGCG-CTCTGGAT	1262
ATCATGCG-TCTTCGAC	1527
ATCATGCG-AGGATAGC	493
ATCATGCG-TCGGATTC	165
ATCATGCG-TCGACAAG	275
ATCATGCG-TATGGCAC	717
ATCATGCG-ATCATGCG	9969496
ATCATGCG-CACTTCAC	151
ATCATGCG-AACAGCGA	460
ATCATGCG-GTAGCGTA	267
ATCATGCG-AGAGTCCA	494
ATCATGCG-GTCCTAAG	584
ATCATGCG-CTAGCTCA	630
ATCATGCG-TCGAGAGT	392
ATCATGCG-ACGATCAG	699
ATCATGCG-TGTTCCGT	574
ATCATGCG-ATCGTGGT	512
ATCATGCG-TACCGGAT	2062
ATCATGCG-CGGTAATC	163
CACTTCAC-CGATCGAT	164
CACTTCAC-GCTACTCT	85
CACTTCAC-TAGCCATG	3134
CACTTCAC-GATCTTGC	91
CACTTCAC-GATCAAGG	98
CACTTCAC-CTCTGGAT	604
CACTTCAC-TCTTCGAC	839
CACTTCAC-AGGATAGC	184
CACTTCAC-TCGGATTC	123
CACTTCAC-TCGACAAG	54
CACTTCAC-TATGGCAC	322
CACTTCAC-ATCATGCG	129
CACTTCAC-CACTTCAC	4166269
CACTTCAC-AACAGCGA	101
CACTTCAC-GTAGCGTA	100
CACTTCAC-AGAGTCCA	161
CACTTCAC-GTCCTAAG	115
CACTTCAC-CTAGCTCA	297
CACTTCAC-TCGAGAGT	144
CACTTCAC-ACGATCAG	334
CACTTCAC-TGTTCCGT	244
CACTTCAC-ATCGTGGT	89
CACTTCAC-TACCGGAT	933
CACTTCAC-CGGTAATC	206
AACAGCGA-CGATCGAT	286
AACAGCGA-GCTACTCT	185
AACAGCGA-TAGCCATG	292
AACAGCGA-GATCTTGC	577
AACAGCGA-GATCAAGG	283
AACAGCGA-CTCTGGAT	1020
AACAGCGA-TCTTCGAC	1895
AACAGCGA-AGGATAGC	438
AACAGCGA-TCGGATTC	330
AACAGCGA-TCGACAAG	113
AACAGCGA-TATGGCAC	408
AACAGCGA-ATCATGCG	543
AACAGCGA-CACTTCAC	155
AACAGCGA-AACAGCGA	8775809
AACAGCGA-GTAGCGTA	389
AACAGCGA-AGAGTCCA	461
AACAGCGA-GTCCTAAG	294
AACAGCGA-CTAGCTCA	531
AACAGCGA-TCGAGAGT	391
AACAGCGA-ACGATCAG	451
AACAGCGA-TGTTCCGT	471
AACAGCGA-ATCGTGGT	355
AACAGCGA-TACCGGAT	2169
AACAGCGA-CGGTAATC	132
GTAGCGTA-CGATCGAT	186
GTAGCGTA-GCTACTCT	1478
GTAGCGTA-TAGCCATG	268
GTAGCGTA-GATCTTGC	119
GTAGCGTA-GATCAAGG	206
GTAGCGTA-CTCTGGAT	773
GTAGCGTA-TCTTCGAC	1054
GTAGCGTA-AGGATAGC	238
GTAGCGTA-TCGGATTC	133
GTAGCGTA-TCGACAAG	100
GTAGCGTA-TATGGCAC	298
GTAGCGTA-ATCATGCG	270
GTAGCGTA-CACTTCAC	87
GTAGCGTA-AACAGCGA	281
GTAGCGTA-GTAGCGTA	8025975
GTAGCGTA-AGAGTCCA	444
GTAGCGTA-GTCCTAAG	350
GTAGCGTA-CTAGCTCA	866
GTAGCGTA-TCGAGAGT	675
GTAGCGTA-ACGATCAG	742
GTAGCGTA-TGTTCCGT	465
GTAGCGTA-ATCGTGGT	249
GTAGCGTA-TACCGGAT	1558
GTAGCGTA-CGGTAATC	120
AGAGTCCA-CGATCGAT	245
AGAGTCCA-GCTACTCT	289
AGAGTCCA-TAGCCATG	330
AGAGTCCA-GATCTTGC	141
AGAGTCCA-GATCAAGG	202
AGAGTCCA-CTCTGGAT	958
AGAGTCCA-TCTTCGAC	1197
AGAGTCCA-AGGATAGC	456
AGAGTCCA-TCGGATTC	173
AGAGTCCA-TCGACAAG	116
AGAGTCCA-TATGGCAC	421
AGAGTCCA-ATCATGCG	385
AGAGTCCA-CACTTCAC	169
AGAGTCCA-AACAGCGA	409
AGAGTCCA-GTAGCGTA	972
AGAGTCCA-AGAGTCCA	11189921
AGAGTCCA-GTCCTAAG	317
AGAGTCCA-CTAGCTCA	1041
AGAGTCCA-TCGAGAGT	927
AGAGTCCA-ACGATCAG	526
AGAGTCCA-TGTTCCGT	613
AGAGTCCA-ATCGTGGT	273
AGAGTCCA-TACCGGAT	2185
AGAGTCCA-CGGTAATC	182
GTCCTAAG-CGATCGAT	218
GTCCTAAG-GCTACTCT	242
GTCCTAAG-TAGCCATG	388
GTCCTAAG-GATCTTGC	187
GTCCTAAG-GATCAAGG	373
GTCCTAAG-CTCTGGAT	930
GTCCTAAG-TCTTCGAC	1063
GTCCTAAG-AGGATAGC	239
GTCCTAAG-TCGGATTC	251
GTCCTAAG-TCGACAAG	160
GTCCTAAG-TATGGCAC	6894
GTCCTAAG-ATCATGCG	368
GTCCTAAG-CACTTCAC	106
GTCCTAAG-AACAGCGA	386
GTCCTAAG-GTAGCGTA	323
GTCCTAAG-AGAGTCCA	303
GTCCTAAG-GTCCTAAG	8743139
GTCCTAAG-CTAGCTCA	464
GTCCTAAG-TCGAGAGT	306
GTCCTAAG-ACGATCAG	348
GTCCTAAG-TGTTCCGT	860
GTCCTAAG-ATCGTGGT	212
GTCCTAAG-TACCGGAT	2001
GTCCTAAG-CGGTAATC	116
CTAGCTCA-CGATCGAT	504
CTAGCTCA-GCTACTCT	1698
CTAGCTCA-TAGCCATG	715
CTAGCTCA-GATCTTGC	294
CTAGCTCA-GATCAAGG	381
CTAGCTCA-CTCTGGAT	3437
CTAGCTCA-TCTTCGAC	2150
CTAGCTCA-AGGATAGC	491
CTAGCTCA-TCGGATTC	354
CTAGCTCA-TCGACAAG	14471
CTAGCTCA-TATGGCAC	759
CTAGCTCA-ATCATGCG	1669
CTAGCTCA-CACTTCAC	279
CTAGCTCA-AACAGCGA	502
CTAGCTCA-GTAGCGTA	1133
CTAGCTCA-AGAGTCCA	1015
CTAGCTCA-GTCCTAAG	550
CTAGCTCA-CTAGCTCA	17183272
CTAGCTCA-TCGAGAGT	969
CTAGCTCA-ACGATCAG	674
CTAGCTCA-TGTTCCGT	880
CTAGCTCA-ATCGTGGT	423
CTAGCTCA-TACCGGAT	3741
CTAGCTCA-CGGTAATC	336
TCGAGAGT-CGATCGAT	307
TCGAGAGT-GCTACTCT	569
TCGAGAGT-TAGCCATG	364
TCGAGAGT-GATCTTGC	185
TCGAGAGT-GATCAAGG	261
TCGAGAGT-CTCTGGAT	1613
TCGAGAGT-TCTTCGAC	1773
TCGAGAGT-AGGATAGC	444
TCGAGAGT-TCGGATTC	346
TCGAGAGT-TCGACAAG	270
TCGAGAGT-TATGGCAC	420
TCGAGAGT-ATCATGCG	322
TCGAGAGT-CACTTCAC	144
TCGAGAGT-AACAGCGA	299
TCGAGAGT-GTAGCGTA	303
TCGAGAGT-AGAGTCCA	399
TCGAGAGT-GTCCTAAG	324
TCGAGAGT-CTAGCTCA	656
TCGAGAGT-TCGAGAGT	11588114
TCGAGAGT-ACGATCAG	615
TCGAGAGT-TGTTCCGT	901
TCGAGAGT-ATCGTGGT	406
TCGAGAGT-TACCGGAT	3219
TCGAGAGT-CGGTAATC	225
ACGATCAG-CGATCGAT	330
ACGATCAG-GCTACTCT	300
ACGATCAG-TAGCCATG	412
ACGATCAG-GATCTTGC	154
ACGATCAG-GATCAAGG	297
ACGATCAG-CTCTGGAT	865
ACGATCAG-TCTTCGAC	1047
ACGATCAG-AGGATAGC	379
ACGATCAG-TCGGATTC	150
ACGATCAG-TCGACAAG	317
ACGATCAG-TATGGCAC	365
ACGATCAG-ATCATGCG	393
ACGATCAG-CACTTCAC	163
ACGATCAG-AACAGCGA	250
ACGATCAG-GTAGCGTA	236
ACGATCAG-AGAGTCCA	442
ACGATCAG-GTCCTAAG	418
ACGATCAG-CTAGCTCA	502
ACGATCAG-TCGAGAGT	457
ACGATCAG-ACGATCAG	7901592
ACGATCAG-TGTTCCGT	471
ACGATCAG-ATCGTGGT	202
ACGATCAG-TACCGGAT	1936
ACGATCAG-CGGTAATC	173
TGTTCCGT-CGATCGAT	499
TGTTCCGT-GCTACTCT	412
TGTTCCGT-TAGCCATG	504
TGTTCCGT-GATCTTGC	296
TGTTCCGT-GATCAAGG	329
TGTTCCGT-CTCTGGAT	1651
TGTTCCGT-TCTTCGAC	2434
TGTTCCGT-AGGATAGC	470
TGTTCCGT-TCGGATTC	814
TGTTCCGT-TCGACAAG	207
TGTTCCGT-TATGGCAC	84716
TGTTCCGT-ATCATGCG	579
TGTTCCGT-CACTTCAC	253
TGTTCCGT-AACAGCGA	722
TGTTCCGT-GTAGCGTA	454
TGTTCCGT-AGAGTCCA	679
TGTTCCGT-GTCCTAAG	370
TGTTCCGT-CTAGCTCA	842
TGTTCCGT-TCGAGAGT	829
TGTTCCGT-ACGATCAG	482
TGTTCCGT-TGTTCCGT	15658738
TGTTCCGT-ATCGTGGT	410
TGTTCCGT-TACCGGAT	4075
TGTTCCGT-CGGTAATC	236
ATCGTGGT-CGATCGAT	195
ATCGTGGT-GCTACTCT	223
ATCGTGGT-TAGCCATG	178
ATCGTGGT-GATCTTGC	115
ATCGTGGT-GATCAAGG	569
ATCGTGGT-CTCTGGAT	1220
ATCGTGGT-TCTTCGAC	1215
ATCGTGGT-AGGATAGC	235
ATCGTGGT-TCGGATTC	131
ATCGTGGT-TCGACAAG	96
ATCGTGGT-TATGGCAC	250
ATCGTGGT-ATCATGCG	289
ATCGTGGT-CACTTCAC	80
ATCGTGGT-AACAGCGA	176
ATCGTGGT-GTAGCGTA	223
ATCGTGGT-AGAGTCCA	306
ATCGTGGT-GTCCTAAG	164
ATCGTGGT-CTAGCTCA	360
ATCGTGGT-TCGAGAGT	448
ATCGTGGT-ACGATCAG	276
ATCGTGGT-TGTTCCGT	383
ATCGTGGT-ATCGTGGT	6835986
ATCGTGGT-TACCGGAT	1822
ATCGTGGT-CGGTAATC	146
TACCGGAT-CGATCGAT	1833
TACCGGAT-GCTACTCT	1511
TACCGGAT-TAGCCATG	3619
TACCGGAT-GATCTTGC	1072
TACCGGAT-GATCAAGG	1665
TACCGGAT-CTCTGGAT	18101
TACCGGAT-TCTTCGAC	11297
TACCGGAT-AGGATAGC	1976
TACCGGAT-TCGGATTC	1314
TACCGGAT-TCGACAAG	933
TACCGGAT-TATGGCAC	3859
TACCGGAT-ATCATGCG	2018
TACCGGAT-CACTTCAC	1226
TACCGGAT-AACAGCGA	1880
TACCGGAT-GTAGCGTA	1599
TACCGGAT-AGAGTCCA	2230
TACCGGAT-GTCCTAAG	2346
TACCGGAT-CTAGCTCA	3937
TACCGGAT-TCGAGAGT	3735
TACCGGAT-ACGATCAG	2162
TACCGGAT-TGTTCCGT	4569
TACCGGAT-ATCGTGGT	2246
TACCGGAT-TACCGGAT	75457183
TACCGGAT-CGGTAATC	2470
CGGTAATC-CGATCGAT	179
CGGTAATC-GCTACTCT	109
CGGTAATC-TAGCCATG	285
CGGTAATC-GATCTTGC	109
CGGTAATC-GATCAAGG	139
CGGTAATC-CTCTGGAT	563
CGGTAATC-TCTTCGAC	1022
CGGTAATC-AGGATAGC	258
CGGTAATC-TCGGATTC	140
CGGTAATC-TCGACAAG	59
CGGTAATC-TATGGCAC	224
CGGTAATC-ATCATGCG	137
CGGTAATC-CACTTCAC	184
CGGTAATC-AACAGCGA	102
CGGTAATC-GTAGCGTA	111
CGGTAATC-AGAGTCCA	152
CGGTAATC-GTCCTAAG	110
CGGTAATC-CTAGCTCA	285
CGGTAATC-TCGAGAGT	170
CGGTAATC-ACGATCAG	141
CGGTAATC-TGTTCCGT	243
CGGTAATC-ATCGTGGT	320
CGGTAATC-TACCGGAT	6821
CGGTAATC-CGGTAATC	4956999
